{
  "project_info": {
    "project_number": "413659846550",
    "firebase_url": "https://hoteligo-62ec0.firebaseio.com",
    "project_id": "hoteligo-62ec0",
    "storage_bucket": "hoteligo-62ec0.appspot.com"
  },
  "client": [
    {
      "client_info": {
        "mobilesdk_app_id": "1:413659846550:android:13aa23e312d58132fb6fb7",
        "android_client_info": {
          "package_name": "com.example.hoteligo"
        }
      },
      "oauth_client": [
        {
          "client_id": "413659846550-rgv9t7cuk0ao2ssjh9huf7s0bb4ra2m0.apps.googleusercontent.com",
          "client_type": 3
        }
      ],
      "api_key": [
        {
          "current_key": "AIzaSyDAHbyJznTSs8Rj7FxK8LrA7lZl7eaCWMs"
        }
      ],
      "services": {
        "appinvite_service": {
          "other_platform_oauth_client": [
            {
              "client_id": "413659846550-rgv9t7cuk0ao2ssjh9huf7s0bb4ra2m0.apps.googleusercontent.com",
              "client_type": 3
            }
          ]
        }
      }
    },
    {
      "client_info": {
        "mobilesdk_app_id": "1:413659846550:android:ee78705b875f4642fb6fb7",
        "android_client_info": {
          "package_name": "com.example.hoteligoadmin"
        }
      },
      "oauth_client": [
        {
          "client_id": "413659846550-rgv9t7cuk0ao2ssjh9huf7s0bb4ra2m0.apps.googleusercontent.com",
          "client_type": 3
        }
      ],
      "api_key": [
        {
          "current_key": "AIzaSyDAHbyJznTSs8Rj7FxK8LrA7lZl7eaCWMs"
        }
      ],
      "services": {
        "appinvite_service": {
          "other_platform_oauth_client": [
            {
              "client_id": "413659846550-rgv9t7cuk0ao2ssjh9huf7s0bb4ra2m0.apps.googleusercontent.com",
              "client_type": 3
            }
          ]
        }
      }
    }
  ],
  "configuration_version": "1"
}